Date,Close,Volume,return,signal,market_sentiment,recession_expectation,growing_sector,investor_type,news_impact,policy_uncertainty
2023-06-21,424.91595458984375,76982300,-0.005123558164167652,0,negative,medium,health,retail,neutral,low
2023-06-22,426.44976806640625,70637200,0.003609686715677851,1,positive,high,health,retail,negative,medium
2023-06-23,423.2257995605469,92074500,-0.007560019367526927,0,negative,medium,finance,institutional,neutral,low
2023-06-26,421.4966125488281,72823600,-0.0040857315728725085,0,negative,low,health,retail,negative,low
2023-06-27,426.1175537109375,72813700,0.010963175087377541,1,positive,low,manufacturing,retail,positive,low
2023-06-28,426.33251953125,75636000,0.0005044753928591383,1,positive,low,manufacturing,retail,neutral,medium
2023-06-29,428.0128479003906,67882300,0.0039413563173369415,1,negative,high,health,retail,neutral,low
2023-06-30,433.0636901855469,104921500,0.011800679138332049,1,neutral,medium,health,institutional,negative,medium
2023-07-03,433.56195068359375,32793400,0.0011505478509024059,1,negative,low,manufacturing,institutional,positive,high
2023-07-05,432.9171142578125,58418400,-0.0014872993923118472,0,negative,high,manufacturing,institutional,neutral,high
2023-07-06,429.5271911621094,80658300,-0.007830420614150957,0,negative,medium,finance,institutional,positive,low
2023-07-07,428.4427185058594,86076100,-0.0025248055968608574,0,negative,high,manufacturing,retail,neutral,medium
2023-07-10,429.5271911621094,62443500,0.0025311963756367017,1,positive,low,manufacturing,institutional,positive,high
2023-07-11,432.26263427734375,64463800,0.006368498133572098,1,negative,low,health,retail,negative,medium
2023-07-12,435.7405700683594,91924500,0.008045885800030073,1,neutral,low,manufacturing,retail,neutral,medium
2023-07-13,439.198974609375,72425200,0.007936843109359826,1,positive,high,finance,retail,neutral,low
2023-07-14,438.9254150390625,69761800,-0.0006228602208276923,0,neutral,high,manufacturing,retail,positive,high
2023-07-17,440.449462890625,52680200,0.0034722251192196296,1,neutral,low,health,retail,positive,low
2023-07-18,443.7222900390625,80744400,0.007430653058260628,1,neutral,high,health,institutional,neutral,low
2023-07-19,444.7090148925781,65891700,0.002223744165362529,1,neutral,low,manufacturing,institutional,negative,high
2023-07-20,441.7585754394531,70591600,-0.006634539337678325,0,positive,low,health,institutional,positive,high
2023-07-21,441.7585754394531,71245400,0.0,0,positive,medium,finance,institutional,positive,medium
2023-07-24,443.7320556640625,54023400,0.00446732748231593,1,neutral,high,finance,retail,positive,high
2023-07-25,444.9434814453125,55191200,0.002730083990522214,1,neutral,low,manufacturing,institutional,neutral,medium
2023-07-26,445.0118408203125,71052900,0.00015363608604390677,1,positive,low,manufacturing,retail,neutral,medium
2023-07-27,442.06146240234375,92194400,-0.006629887448680427,0,positive,high,manufacturing,institutional,neutral,medium
2023-07-28,446.389404296875,80011800,0.009790362342402492,1,positive,medium,health,retail,neutral,high
2023-07-31,447.23931884765625,62040400,0.0019039756378627093,1,negative,medium,finance,retail,negative,low
2023-08-01,445.95947265625,55291500,-0.002861658484553331,0,negative,low,finance,institutional,negative,medium
2023-08-02,439.7558288574219,93933400,-0.013910779295431497,0,negative,high,health,retail,neutral,low
2023-08-03,438.49554443359375,64276100,-0.002865873153069076,0,neutral,medium,finance,retail,negative,low
2023-08-04,436.5123596191406,100052300,-0.004522702316199889,0,negative,high,manufacturing,institutional,positive,high
2023-08-07,440.3224792480469,58357500,0.008728549249397144,1,neutral,high,manufacturing,retail,positive,low
2023-08-08,438.40765380859375,71361300,-0.004348688812624624,0,neutral,low,manufacturing,institutional,positive,low
2023-08-09,435.476806640625,78789600,-0.006685209855502028,0,negative,medium,finance,institutional,neutral,high
2023-08-10,435.63311767578125,93005500,0.0003589422737850789,1,neutral,low,manufacturing,institutional,positive,medium
2023-08-11,435.3791198730469,68664600,-0.000583054392396809,0,negative,medium,health,retail,negative,low
2023-08-14,437.7823486328125,47867400,0.005519853043173928,1,negative,medium,health,retail,neutral,high
2023-08-15,432.6827087402344,75707500,-0.011648801986887336,0,positive,medium,finance,retail,negative,low
2023-08-16,429.5076599121094,80107200,-0.007338053414173262,0,negative,medium,health,institutional,positive,low
2023-08-17,426.23480224609375,95711300,-0.007620021646844055,0,positive,medium,health,retail,positive,medium
2023-08-18,426.44000244140625,98758400,0.00048142524784733354,1,negative,high,finance,institutional,positive,low
2023-08-21,429.2145080566406,68719000,0.006506203919308895,1,negative,low,manufacturing,institutional,neutral,high
2023-08-22,428.05194091796875,65062900,-0.002708592363141804,0,positive,high,manufacturing,retail,negative,low
2023-08-23,432.8194885253906,68441000,0.011137778273351051,1,positive,medium,manufacturing,institutional,neutral,medium
2023-08-24,426.82098388671875,88517300,-0.013859137117666953,0,negative,low,finance,retail,neutral,medium
2023-08-25,429.83001708984375,102325100,0.007049871765263616,1,neutral,medium,health,retail,positive,high
2023-08-28,432.5556640625,61595400,0.006341220632077205,1,positive,low,manufacturing,retail,neutral,medium
2023-08-29,438.8082275390625,83081900,0.014454933771619993,1,neutral,high,manufacturing,retail,neutral,low
2023-08-30,440.6155700683594,69053900,0.004118752602777942,1,neutral,low,finance,retail,positive,medium
2023-08-31,439.97076416015625,66084600,-0.0014634206142626338,0,neutral,low,manufacturing,institutional,neutral,high
2023-09-01,440.79144287109375,58875700,0.0018653028287096696,1,positive,low,finance,institutional,positive,medium
2023-09-05,438.8863220214844,55166200,-0.004322045902707128,0,neutral,low,health,institutional,positive,medium
2023-09-06,435.9359436035156,70758500,-0.00672242052196903,0,positive,low,finance,retail,positive,medium
2023-09-07,434.5975036621094,70355400,-0.00307026745797212,0,neutral,medium,finance,retail,positive,high
2023-09-08,435.2521057128906,61659700,0.0015062259798210853,1,negative,low,finance,retail,neutral,medium
2023-09-11,438.11456298828125,60180100,0.006576550090900302,1,negative,low,finance,institutional,positive,medium
2023-09-12,435.71124267578125,67565400,-0.005485597867615932,0,positive,high,health,retail,positive,low
2023-09-13,436.21929931640625,60199300,0.0011660397778696652,1,negative,low,health,institutional,neutral,high
2023-09-14,439.98052978515625,83430800,0.00862233852249128,1,negative,high,manufacturing,institutional,neutral,medium
2023-09-15,434.67950439453125,111761400,-0.012048318122653057,0,neutral,medium,health,retail,negative,high
2023-09-18,434.9344177246094,55752200,0.000586439727433552,1,positive,low,health,retail,neutral,medium
2023-09-19,434.03240966796875,66514600,-0.002073894407712218,0,neutral,high,manufacturing,institutional,neutral,medium
2023-09-20,430.042236328125,82562600,-0.009193261265664887,0,neutral,high,health,retail,negative,medium
2023-09-21,422.9343566894531,103976100,-0.016528329169157474,0,neutral,medium,finance,institutional,neutral,low
2023-09-22,421.9833679199219,100829700,-0.0022485493422080838,0,neutral,low,finance,retail,neutral,low
2023-09-25,423.75787353515625,70874500,0.004205155345295752,1,neutral,low,manufacturing,retail,neutral,low
2023-09-26,417.5323181152344,96168400,-0.014691303238771325,0,neutral,high,manufacturing,institutional,neutral,high
2023-09-27,417.6990051269531,104705800,0.0003992194244297753,1,neutral,low,manufacturing,retail,negative,high
2023-09-28,420.12060546875,92258300,0.005797476920158973,1,positive,high,finance,institutional,neutral,low
2023-09-29,419.1009521484375,115078500,-0.002427049059340547,0,negative,low,health,retail,neutral,high
2023-10-02,418.93426513671875,83798600,-0.00039772520406899936,0,neutral,high,finance,institutional,negative,medium
2023-10-03,413.326416015625,103760600,-0.013385988179466901,0,neutral,low,manufacturing,institutional,positive,medium
2023-10-04,416.33624267578125,87453000,0.007281960560784562,1,neutral,medium,health,retail,negative,medium
2023-10-05,416.17938232421875,70142700,-0.00037676362392657925,0,neutral,low,health,institutional,positive,low
2023-10-06,421.1205749511719,113202700,0.011872747273923734,1,neutral,low,finance,retail,negative,high
2023-10-09,423.81671142578125,80374400,0.006402291018248185,1,neutral,medium,manufacturing,retail,negative,low
2023-10-10,426.0225830078125,78607300,0.005204777259986804,1,negative,low,finance,retail,neutral,high
2023-10-11,427.7677307128906,62451700,0.00409637370103022,1,negative,medium,health,institutional,positive,medium
2023-10-12,425.15985107421875,81154200,-0.006096485198464507,0,neutral,low,finance,institutional,neutral,low
2023-10-13,423.04217529296875,95143100,-0.004980893129723829,0,negative,high,finance,retail,positive,high
2023-10-16,427.4931945800781,75433200,0.010521455181216721,1,positive,high,manufacturing,retail,negative,high
2023-10-17,427.47357177734375,75324700,-4.590202366527851e-05,0,neutral,low,manufacturing,institutional,negative,medium
2023-10-18,421.7774353027344,93559800,-0.01332511961131555,0,positive,low,health,retail,positive,low
2023-10-19,418.07159423828125,121323000,-0.00878624780340187,0,positive,low,finance,retail,neutral,low
2023-10-20,412.93426513671875,123845800,-0.012288156316677346,0,neutral,high,finance,institutional,neutral,low
2023-10-23,412.21856689453125,92035100,-0.001733201389694683,0,negative,low,finance,retail,neutral,medium
2023-10-24,415.326416015625,78564200,0.0075393234819742805,1,positive,high,health,institutional,neutral,low
2023-10-25,409.3656005859375,94223200,-0.014352122089588581,0,neutral,medium,health,retail,negative,medium
2023-10-26,404.4635925292969,115156800,-0.01197464576804752,0,positive,high,manufacturing,institutional,negative,medium
2023-10-27,402.6302490234375,107367700,-0.004532777584243419,0,positive,high,manufacturing,retail,negative,medium
2023-10-30,407.4440612792969,86562700,0.011955913067970059,1,positive,medium,manufacturing,retail,negative,high
2023-10-31,410.00286865234375,79665200,0.0062801439908406476,1,positive,high,finance,institutional,negative,low
2023-11-01,414.3754577636719,98068100,0.010664776872660875,1,negative,low,finance,retail,neutral,low
2023-11-02,422.31671142578125,94938900,0.01916439188982677,1,positive,low,manufacturing,institutional,neutral,medium
2023-11-03,426.16961669921875,100110800,0.00912326026699195,1,positive,high,finance,retail,neutral,medium
2023-11-06,427.1500549316406,67831700,0.0023005821954544814,1,positive,low,manufacturing,institutional,neutral,low
2023-11-07,428.36572265625,64256100,0.00284599688229914,1,negative,high,health,institutional,negative,medium
2023-11-08,428.67950439453125,61746000,0.0007325089793261963,1,positive,low,manufacturing,institutional,negative,low
2023-11-09,425.3362731933594,83174400,-0.0077989060986105585,0,positive,low,health,institutional,negative,high
2023-11-10,431.9736022949219,89462200,0.015604897865236111,1,negative,high,finance,retail,positive,medium
2023-11-13,431.5618591308594,52236100,-0.0009531674201271878,0,negative,low,manufacturing,retail,neutral,low
2023-11-14,439.9344482421875,97176900,0.019400669763055545,1,negative,high,finance,institutional,neutral,medium
2023-11-15,440.8658142089844,77327600,0.002117056235351189,1,positive,low,health,institutional,negative,low
2023-11-16,441.4050598144531,66665800,0.0012231513265239524,1,negative,low,health,institutional,neutral,low
2023-11-17,441.9541015625,83133200,0.0012438501458902351,1,negative,medium,health,retail,neutral,medium
2023-11-20,445.35601806640625,69936200,0.0076974429966347735,1,positive,medium,finance,retail,negative,high
2023-11-21,444.385498046875,49244600,-0.0021792004153102784,0,negative,high,finance,retail,positive,low
2023-11-22,446.10113525390625,59394900,0.0038606957575610945,1,positive,medium,finance,retail,positive,low
2023-11-24,446.37567138671875,29737400,0.0006154123159902714,1,neutral,high,finance,institutional,positive,low
2023-11-27,445.5717468261719,50506000,-0.0018010044276145498,0,negative,medium,health,institutional,negative,high
2023-11-28,446.012939453125,62115000,0.0009901719085552152,1,neutral,low,health,institutional,neutral,high
2023-11-29,445.69915771484375,63146000,-0.0007035260875301041,0,positive,high,manufacturing,retail,negative,medium
2023-11-30,447.4541015625,79752700,0.003937507660221051,1,negative,high,manufacturing,retail,negative,high
2023-12-01,450.1011962890625,89097900,0.005915902250798188,1,positive,low,finance,retail,neutral,medium
2023-12-04,447.7384338378906,72430900,-0.005249402735767128,0,neutral,high,health,institutional,positive,medium
2023-12-05,447.6501770019531,69793500,-0.00019711695326440903,0,positive,high,health,institutional,positive,high
2023-12-06,445.84625244140625,69124700,-0.00402976398362731,0,negative,medium,health,retail,negative,medium
2023-12-07,449.24822998046875,66995400,0.0076303827169874605,1,negative,high,manufacturing,institutional,positive,high
2023-12-08,451.1795959472656,83080900,0.004299106458095281,1,neutral,low,manufacturing,retail,negative,medium
2023-12-11,452.9345703125,65002200,0.00388974674608189,1,positive,medium,health,retail,negative,high
2023-12-12,455.0032043457031,68327600,0.004567180711721575,1,negative,medium,health,institutional,neutral,high
2023-12-13,461.2777404785156,93278000,0.013790092185911762,1,neutral,low,health,retail,neutral,medium
2023-12-14,462.7581481933594,119026000,0.0032093630039637944,1,negative,low,manufacturing,institutional,neutral,low
2023-12-15,461.9961853027344,141319300,-0.001646568285398664,0,negative,medium,health,retail,negative,medium
2023-12-18,464.594970703125,70375300,0.0056251230704160715,1,positive,high,health,institutional,neutral,high
2023-12-19,467.42010498046875,55761800,0.0060808541966526075,1,negative,medium,finance,institutional,positive,low
2023-12-20,460.9429626464844,102921000,-0.013857218089185608,0,positive,low,finance,institutional,positive,medium
2023-12-21,465.31353759765625,86667500,0.009481812947264467,1,negative,medium,manufacturing,retail,negative,medium
2023-12-22,466.24871826171875,67126600,0.002009786065736874,1,neutral,low,health,retail,negative,medium
2023-12-26,468.21746826171875,55387000,0.004222531715132538,1,negative,medium,health,institutional,neutral,low
2023-12-27,469.0640563964844,68000300,0.0018081088215453622,1,positive,high,finance,institutional,negative,high
2023-12-28,469.2412414550781,77158100,0.0003777417096397784,1,positive,medium,manufacturing,retail,negative,medium
2023-12-29,467.8827819824219,122234100,-0.0028950129541976954,0,neutral,medium,finance,retail,positive,medium
2024-01-02,465.2643127441406,123623700,-0.0055964214523706035,0,negative,low,finance,retail,positive,medium
2024-01-03,461.4646911621094,103585900,-0.008166587202059428,0,negative,low,finance,institutional,neutral,medium
2024-01-04,459.978271484375,84232200,-0.0032210908141013794,0,neutral,low,finance,retail,negative,medium
2024-01-05,460.6082763671875,86060800,0.001369640528408933,1,negative,medium,health,retail,negative,high
2024-01-08,467.1838684082031,74879100,0.014275887730192949,1,negative,high,health,institutional,positive,high
2024-01-09,466.47509765625,65931400,-0.0015171130680690093,0,positive,low,finance,retail,negative,medium
2024-01-10,469.11322021484375,67310600,0.005655441355495006,1,negative,low,manufacturing,retail,positive,low
2024-01-11,468.90655517578125,77940700,-0.00044054405238858063,0,negative,medium,manufacturing,retail,neutral,high
2024-01-12,469.23138427734375,57944000,0.0006927373865368569,1,neutral,low,manufacturing,institutional,positive,low
2024-01-16,467.5086669921875,85014900,-0.003671359893817394,0,neutral,high,manufacturing,institutional,negative,high
2024-01-17,464.90997314453125,68843900,-0.005558600366439181,0,positive,high,finance,institutional,neutral,medium
2024-01-18,469.0443420410156,91856200,0.008892837614389304,1,negative,low,health,institutional,positive,high
2024-01-19,474.8915100097656,110733300,0.012466130479916737,1,negative,low,manufacturing,institutional,positive,medium
2024-01-22,475.8955993652344,75844900,0.002114355245997457,1,negative,medium,finance,institutional,neutral,high
2024-01-23,477.2835388183594,49945300,0.0029164788558169175,1,positive,high,manufacturing,institutional,neutral,medium
2024-01-24,477.8052978515625,81765000,0.001093184639250122,1,positive,high,manufacturing,retail,positive,medium
2024-01-25,480.4040222167969,72525000,0.005438877251716212,1,neutral,low,finance,retail,negative,medium
2024-01-26,479.793701171875,76641600,-0.0012704328371473395,0,positive,medium,health,institutional,positive,medium
2024-01-29,483.59332275390625,61322800,0.007919281917938559,1,negative,high,health,retail,neutral,low
2024-01-30,483.2193298339844,58618400,-0.0007733624562723529,0,negative,high,finance,retail,positive,medium
2024-01-31,475.33447265625,126011100,-0.016317346370318675,0,positive,medium,health,institutional,neutral,low
2024-02-01,481.5557556152344,91891600,0.013088221698331237,1,negative,medium,finance,retail,neutral,low
2024-02-02,486.6252746582031,99147700,0.010527377118547676,1,negative,high,finance,retail,negative,medium
2024-02-05,484.8533935546875,75757100,-0.0036411612708775465,0,positive,high,finance,retail,neutral,low
2024-02-06,486.26104736328125,55918600,0.0029032565870552585,1,positive,medium,health,retail,neutral,high
2024-02-07,490.316650390625,70556500,0.008340382289173665,1,negative,high,finance,retail,negative,medium
2024-02-08,490.5332336425781,52343600,0.0004417211852392189,1,negative,low,manufacturing,institutional,neutral,low
2024-02-09,493.3682556152344,63979400,0.005779469724414232,1,negative,low,health,institutional,negative,medium
2024-02-12,493.15167236328125,56502300,-0.00043898902997530076,0,neutral,medium,health,institutional,negative,medium
2024-02-13,486.3594665527344,113099200,-0.013773056427036523,0,neutral,medium,health,retail,neutral,medium
2024-02-14,490.7793273925781,68387800,0.009087642255986683,1,neutral,medium,health,institutional,neutral,low
2024-02-15,494.16558837890625,61683000,0.006899762881861227,1,positive,low,manufacturing,retail,positive,high
2024-02-16,491.7046203613281,75461200,-0.004980047327154513,0,neutral,high,health,retail,negative,high
2024-02-20,488.99761962890625,71736700,-0.005505339222626415,0,positive,low,health,retail,positive,low
2024-02-21,489.4405517578125,59603800,0.0009057960839202739,1,positive,high,finance,retail,neutral,medium
2024-02-22,499.5697326660156,76402500,0.02069542638390809,1,neutral,low,health,institutional,positive,low
2024-02-23,499.9142761230469,61321800,0.0006896804079634666,1,neutral,high,manufacturing,institutional,negative,low
2024-02-26,498.0833435058594,50386700,-0.003662493160601077,0,neutral,low,manufacturing,retail,positive,low
2024-02-27,499.0086669921875,48854500,0.0018577683803178147,1,negative,medium,manufacturing,institutional,negative,medium
2024-02-28,498.3491516113281,56506600,-0.0013216511545474097,0,neutral,low,manufacturing,retail,neutral,low
2024-02-29,500.1407470703125,83924800,0.0035950607183568017,1,negative,high,health,institutional,neutral,medium
2024-03-01,504.8361511230469,76805900,0.009388165391919667,1,positive,low,health,institutional,negative,low
2024-03-04,504.29473876953125,49799300,-0.001072451630714677,0,negative,low,manufacturing,retail,neutral,high
2024-03-05,499.2547607421875,72855600,-0.009994111855382792,0,neutral,low,manufacturing,institutional,neutral,low
2024-03-06,501.78460693359375,68382400,0.005067245002622345,1,positive,medium,health,retail,neutral,low
2024-03-07,506.7655029296875,58652100,0.009926362680856338,1,positive,low,manufacturing,institutional,neutral,high
2024-03-08,503.7238464355469,86425500,-0.006002098557530755,0,positive,medium,finance,retail,negative,medium
2024-03-11,503.29071044921875,62557200,-0.0008598679403269971,0,negative,medium,manufacturing,retail,positive,medium
2024-03-12,508.7048034667969,73114400,0.010757387142603436,1,neutral,low,manufacturing,institutional,positive,low
2024-03-13,507.90740966796875,55104100,-0.0015674980723474619,0,positive,low,finance,institutional,neutral,high
2024-03-14,506.90338134765625,110171800,-0.001976794000640547,0,positive,low,finance,retail,positive,medium
2024-03-15,503.4226989746094,107585800,-0.006866559784614368,0,positive,high,health,institutional,positive,low
2024-03-18,506.4145812988281,88893300,0.005943081887870294,1,negative,low,health,institutional,neutral,high
2024-03-19,509.22882080078125,60755300,0.0055571849742859225,1,negative,medium,finance,retail,neutral,medium
2024-03-20,513.9389038085938,69594600,0.009249443109692335,1,neutral,low,finance,retail,positive,medium
2024-03-21,515.6372680664062,60256100,0.0033046034173063177,1,negative,high,health,institutional,negative,high
2024-03-22,514.65966796875,79023000,-0.0018959065959722743,0,positive,low,manufacturing,retail,neutral,high
2024-03-25,513.23779296875,48512100,-0.002762748061474918,0,neutral,high,finance,retail,negative,high
2024-03-26,512.2898559570312,65463700,-0.0018469742967203162,0,positive,high,health,retail,positive,high
2024-03-27,516.594970703125,82999800,0.008403669711654072,1,positive,low,manufacturing,institutional,neutral,low
2024-03-28,516.4962768554688,96294900,-0.0001910468611839855,0,negative,medium,finance,institutional,negative,high
2024-04-01,515.59765625,62477500,-0.0017398394639739356,0,neutral,high,manufacturing,retail,neutral,medium
2024-04-02,512.3194580078125,74230300,-0.006358054972612215,0,negative,low,health,institutional,positive,medium
2024-04-03,512.8822631835938,59155800,0.0010985434321970633,1,negative,low,finance,retail,negative,low
2024-04-04,506.6219787597656,96858100,-0.012206084852630528,0,neutral,medium,manufacturing,institutional,positive,medium
2024-04-05,511.9146423339844,74482100,0.01044696794871669,1,positive,high,finance,retail,positive,medium
2024-04-08,512.2008666992188,48401800,0.0005591251774501593,1,positive,high,manufacturing,retail,neutral,high
2024-04-09,512.7933959960938,68124400,0.001156829938015136,1,neutral,low,health,institutional,negative,medium
2024-04-10,507.65875244140625,82652800,-0.010013084401591321,0,positive,low,health,retail,positive,low
2024-04-11,511.489990234375,70099000,0.0075468762717942894,1,neutral,medium,finance,institutional,positive,high
2024-04-12,504.4298400878906,92469100,-0.013803105204950872,0,neutral,medium,manufacturing,institutional,negative,high
2024-04-15,498.1103210449219,92101400,-0.012528043626181318,0,negative,high,finance,retail,positive,low
2024-04-16,497.2018737792969,73484000,-0.001823787276118427,0,neutral,high,finance,retail,positive,high
2024-04-17,494.2593078613281,75910300,-0.005918251867399249,0,negative,low,manufacturing,institutional,negative,high
2024-04-18,493.2422180175781,74548100,-0.0020578061506842937,0,positive,high,manufacturing,retail,negative,low
2024-04-19,488.9370422363281,102129100,-0.00872831972606325,0,positive,medium,manufacturing,retail,negative,high
2024-04-22,493.4397277832031,67961000,0.009209131560743211,1,positive,medium,health,retail,negative,low
2024-04-23,499.2951965332031,64633600,0.011866634201315618,1,positive,low,finance,retail,neutral,low
2024-04-24,499.0582275390625,55928100,-0.0004746069975958278,0,negative,medium,finance,retail,negative,medium
2024-04-25,497.162353515625,69122400,-0.003798903452181035,0,positive,medium,health,institutional,neutral,medium
2024-04-26,501.8724365234375,64306100,0.009473933363026488,1,neutral,medium,manufacturing,institutional,neutral,high
2024-04-29,503.6498107910156,46415400,0.003541486119242432,1,neutral,medium,health,retail,neutral,high
2024-04-30,495.6713562011719,77483600,-0.015841273875022543,0,neutral,low,health,retail,positive,low
2024-05-01,494.0618591308594,80242800,-0.003247105264761907,0,negative,low,health,retail,neutral,high
2024-05-02,498.6829833984375,62550200,0.00935333133326166,1,positive,high,finance,institutional,neutral,low
2024-05-03,504.8643798828125,72756700,0.012395442977119142,1,positive,medium,health,retail,positive,low
2024-05-06,510.0780334472656,47264700,0.010326839785494979,1,positive,high,finance,institutional,positive,high
2024-05-07,510.6408386230469,52561300,0.0011033707371745916,1,negative,low,finance,institutional,positive,low
2024-05-08,510.690185546875,42047200,9.663724499819892e-05,1,neutral,low,finance,institutional,negative,medium
2024-05-09,513.6327514648438,43643700,0.0057619394326478,1,neutral,low,manufacturing,retail,positive,high
2024-05-10,514.2943725585938,52233200,0.0012881209227080248,1,positive,low,finance,institutional,positive,medium
2024-05-13,514.3634033203125,36716400,0.00013422422138376078,1,neutral,low,finance,retail,neutral,high
2024-05-14,516.723388671875,57535900,0.004588167308032354,1,neutral,low,manufacturing,institutional,positive,low
2024-05-15,523.1219482421875,59504900,0.012382949389534215,1,negative,low,finance,retail,negative,high
2024-05-16,522.045654296875,50244800,-0.002057443678150195,0,negative,medium,health,institutional,positive,medium
2024-05-17,522.7960815429688,59187600,0.0014374743663070344,1,negative,high,health,retail,negative,low
2024-05-20,523.3984375,37764200,0.0011521814686397125,1,negative,low,finance,institutional,positive,high
2024-05-21,524.6820068359375,33437000,0.002452375177252053,1,positive,medium,manufacturing,retail,positive,high
2024-05-22,523.17138671875,48390000,-0.0028791155357074105,0,negative,medium,health,retail,positive,high
2024-05-23,519.3499755859375,57211200,-0.007304319826777594,0,neutral,high,manufacturing,retail,positive,medium
2024-05-24,522.7862548828125,41258400,0.006616500353154198,1,positive,low,manufacturing,retail,negative,medium
2024-05-28,523.151611328125,36269600,0.0006988639083373993,1,neutral,high,health,institutional,negative,high
2024-05-29,519.4882202148438,45190300,-0.00700254196671779,0,neutral,low,manufacturing,institutional,neutral,low
2024-05-30,516.0419921875,46468500,-0.006633890612415594,0,neutral,medium,health,retail,negative,low
2024-05-31,520.7422485351562,90785800,0.009108282695623027,1,negative,medium,manufacturing,institutional,positive,medium
2024-06-03,521.1668090820312,46835700,0.0008152988317526866,1,negative,medium,health,retail,neutral,low
2024-06-04,521.7493896484375,34632700,0.0011178389649033615,1,positive,medium,finance,retail,neutral,medium
2024-06-05,527.9505004882812,47610400,0.011885228737923637,1,positive,high,health,institutional,neutral,high
2024-06-06,527.9406127929688,30808500,-1.87284514425734e-05,0,negative,low,health,retail,positive,medium
2024-06-07,527.298828125,43224500,-0.001215637994912977,0,neutral,low,health,retail,negative,medium
2024-06-10,528.927978515625,35729300,0.0030896150412813572,1,positive,high,health,institutional,positive,high
2024-06-11,530.2018432617188,36383400,0.0024083897956554967,1,negative,low,manufacturing,retail,neutral,low
2024-06-12,534.5564575195312,63251300,0.008213125459963777,1,negative,medium,finance,retail,positive,medium
2024-06-13,535.6327514648438,44760900,0.0020134336236563577,1,negative,low,health,retail,positive,medium
2024-06-14,535.9586791992188,40089900,0.0006084910481736205,1,neutral,medium,manufacturing,retail,negative,high
2024-06-17,540.2242431640625,55839500,0.007958755274225515,1,negative,high,finance,institutional,negative,low
2024-06-18,541.5968627929688,41376400,0.0025408330823268876,1,negative,low,finance,institutional,neutral,medium
2024-06-20,540.1255493164062,70328200,-0.0027166211210586377,0,negative,high,finance,institutional,positive,high
2024-06-21,539.4014282226562,64513900,-0.0013406532882335176,0,negative,low,finance,retail,positive,medium
2024-06-24,537.64794921875,45528700,-0.0032507867279550906,0,positive,medium,health,retail,negative,high
2024-06-25,539.7184448242188,38273300,0.003851024836005301,1,positive,high,health,institutional,positive,low
2024-06-26,540.3920288085938,38550600,0.0012480284689813104,1,negative,low,manufacturing,retail,positive,low
2024-06-27,541.2439575195312,35041500,0.001576501253757856,1,neutral,medium,manufacturing,retail,positive,low
2024-06-28,539.1141357421875,76144500,-0.00393504952388668,0,positive,high,manufacturing,retail,negative,low
2024-07-01,540.2236328125,40297800,0.002058000331942811,1,negative,high,finance,retail,neutral,medium
2024-07-02,543.8591918945312,40434800,0.006729729803014894,1,positive,low,finance,institutional,neutral,medium
2024-07-03,546.2862548828125,32789900,0.0044626679560688665,1,positive,low,health,institutional,positive,low
2024-07-05,549.4363403320312,41488400,0.005766364101352783,1,neutral,low,finance,institutional,neutral,low
2024-07-08,550.0703735351562,36110500,0.001153970272046223,1,negative,medium,finance,retail,negative,low
2024-07-09,550.6052856445312,27289700,0.0009724430456730104,1,negative,low,finance,institutional,negative,medium
2024-07-10,556.0537719726562,38701200,0.009895448645661054,1,neutral,high,manufacturing,institutional,neutral,low
2024-07-11,551.2590942382812,53054200,-0.008622687186106814,0,neutral,high,manufacturing,retail,neutral,low
2024-07-12,554.7361450195312,53084400,0.0063074710559731795,1,negative,low,health,retail,positive,low
2024-07-15,556.2617797851562,40584300,0.00275019895372286,1,negative,low,finance,institutional,neutral,high
2024-07-16,559.5604248046875,36475300,0.0059300227687857365,1,neutral,high,finance,institutional,positive,low
2024-07-17,551.7147827148438,57119000,-0.014021081088038456,0,positive,medium,health,institutional,positive,high
2024-07-18,547.4749145507812,56270400,-0.007684891354912127,0,positive,low,finance,institutional,negative,high
2024-07-19,543.83935546875,65509100,-0.006640594820703893,0,neutral,low,finance,retail,negative,low
2024-07-22,549.4463500976562,43346700,0.010310019994918207,1,positive,high,manufacturing,institutional,negative,high
2024-07-23,548.5844116210938,34439600,-0.0015687400169448473,0,neutral,low,health,institutional,negative,low
2024-07-24,536.1521606445312,74515300,-0.022662421157437884,0,positive,medium,health,retail,neutral,medium
2024-07-25,533.3585815429688,61158300,-0.005210422164865003,0,positive,high,health,institutional,negative,medium
2024-07-26,539.3320922851562,53763800,0.011199802438551787,1,negative,low,health,retail,neutral,medium
2024-07-29,539.6490478515625,39515800,0.0005876816361201076,1,negative,high,manufacturing,retail,negative,medium
2024-07-30,536.9149169921875,46853600,-0.005066498069921654,0,positive,low,manufacturing,retail,neutral,high
2024-07-31,545.642333984375,65663400,0.016254748594207058,1,positive,low,finance,institutional,positive,low
2024-08-01,537.91552734375,76428700,-0.014160936861703055,0,negative,low,finance,institutional,neutral,low
2024-08-02,527.9003295898438,82789100,-0.018618532547966637,0,negative,medium,finance,retail,neutral,low
2024-08-05,512.5259399414062,146267400,-0.02912365987795984,0,negative,medium,finance,institutional,negative,medium
2024-08-06,517.251220703125,84826300,0.009219593377574054,1,neutral,high,manufacturing,institutional,neutral,medium
2024-08-07,513.7939453125,70698300,-0.006683938581962812,0,positive,low,health,retail,positive,low
2024-08-08,525.6714477539062,63276600,0.023117248752672737,1,negative,low,manufacturing,retail,positive,medium
2024-08-09,527.989501953125,45619600,0.0044097015524113825,1,positive,medium,finance,institutional,negative,low
2024-08-12,528.2669067382812,42542100,0.0005253982969928295,1,neutral,low,manufacturing,retail,positive,low
2024-08-13,536.9545288085938,52333100,0.016445516384800962,1,neutral,medium,health,institutional,neutral,low
2024-08-14,538.6485595703125,42446900,0.0031548868122548424,1,negative,low,health,institutional,positive,low
2024-08-15,547.881103515625,60846800,0.017140199822825997,1,neutral,high,manufacturing,institutional,negative,low
2024-08-16,549.1094360351562,44430700,0.00224196912733321,1,positive,low,manufacturing,institutional,neutral,low
2024-08-19,554.3597412109375,39121800,0.009561491446388404,1,negative,low,manufacturing,retail,negative,low
2024-08-20,553.4583129882812,33732300,-0.0016260708627346965,0,positive,medium,finance,retail,neutral,medium
2024-08-21,555.3602905273438,41514600,0.0034365326067524737,1,positive,low,manufacturing,retail,positive,low
2024-08-22,551.0015258789062,56121500,-0.007848534947103691,0,neutral,low,manufacturing,retail,negative,low
2024-08-23,556.8560791015625,50639400,0.010625294028573817,1,neutral,medium,manufacturing,institutional,negative,medium
2024-08-26,555.5286254882812,35788600,-0.0023838360809905756,0,neutral,high,health,institutional,neutral,medium
2024-08-27,556.2914428710938,32693900,0.0013731378507129133,1,neutral,high,health,retail,negative,medium
2024-08-28,553.0620727539062,41066000,-0.00580517669033398,0,neutral,medium,finance,institutional,neutral,low
2024-08-29,553.1115112304688,38715200,8.939046627509661e-05,1,negative,medium,finance,institutional,neutral,high
2024-08-30,558.3915405273438,62700100,0.009546048472447888,1,positive,medium,health,institutional,neutral,high
2024-09-03,546.9003295898438,60600100,-0.020579127912016215,0,positive,medium,health,retail,neutral,medium
2024-09-04,545.781005859375,47224900,-0.002046668597380785,0,positive,medium,health,retail,positive,high
2024-09-05,544.4534912109375,44264300,-0.0024323210851707744,0,positive,high,manufacturing,retail,neutral,medium
2024-09-06,535.2903442382812,68493800,-0.016829990294076724,0,neutral,high,manufacturing,institutional,negative,low
2024-09-09,541.2835693359375,40445800,0.011196213722451054,1,positive,medium,health,retail,positive,high
2024-09-10,543.6412353515625,36394600,0.004355694776616792,1,negative,low,manufacturing,retail,negative,low
2024-09-11,549.2183837890625,75248600,0.010258876764367209,1,negative,medium,manufacturing,retail,positive,high
2024-09-12,553.8446044921875,51892700,0.008423280865452298,1,positive,low,finance,retail,neutral,low
2024-09-13,556.7372436523438,39310500,0.00522283531643053,1,positive,medium,health,retail,positive,high
2024-09-16,557.5594482421875,36656100,0.001476826993735525,1,negative,medium,health,retail,positive,low
2024-09-17,557.7872924804688,49321000,0.0004086456412846218,1,negative,high,manufacturing,institutional,negative,low
2024-09-18,556.1329956054688,59044900,-0.0029658202997837613,0,neutral,low,health,institutional,negative,high
2024-09-19,565.6231079101562,75315500,0.017064465478002333,1,negative,low,finance,retail,neutral,low
2024-09-20,564.6453247070312,77503100,-0.0017286832688602205,0,neutral,high,finance,retail,positive,low
2024-09-23,566.0562744140625,44116900,0.0024988247405808295,1,neutral,high,finance,institutional,positive,low
2024-09-24,567.6759643554688,46805700,0.002861358516134782,1,neutral,high,health,institutional,positive,high
2024-09-25,566.4239501953125,38428600,-0.002205508492116204,0,neutral,high,health,retail,neutral,high
2024-09-26,568.6696166992188,48336000,0.003964639036064588,1,neutral,low,health,retail,neutral,low
2024-09-27,567.8448486328125,42100900,-0.0014503466374615748,0,positive,low,health,retail,neutral,low
2024-09-30,570.120361328125,63557400,0.004007278926261737,1,negative,medium,health,retail,neutral,high
2024-10-01,565.0130004882812,72668800,-0.008958390519408721,0,neutral,medium,finance,institutional,neutral,high
2024-10-02,565.2514038085938,38097800,0.0004219430705247884,1,negative,high,manufacturing,retail,negative,low
2024-10-03,564.218017578125,40846500,-0.0018281887024179655,0,negative,high,finance,retail,positive,low
2024-10-04,569.3453369140625,42939100,0.009087478910982494,1,neutral,high,health,retail,positive,low
2024-10-07,564.1981201171875,49964700,-0.009040588309326747,0,positive,medium,finance,retail,positive,medium
2024-10-08,569.5340576171875,37398700,0.009457559870797994,1,neutral,medium,health,institutional,positive,high
2024-10-09,573.4789428710938,37912200,0.006926513350950181,1,positive,medium,health,institutional,positive,medium
2024-10-10,572.475341796875,44138100,-0.001750022536475826,0,negative,medium,finance,institutional,positive,high
2024-10-11,575.9034423828125,42268000,0.0059882065403507045,1,positive,medium,health,retail,positive,high
2024-10-14,580.6133422851562,36217200,0.00817828051670677,1,positive,medium,manufacturing,retail,positive,high
2024-10-15,576.1021728515625,54203600,-0.007769662019544432,0,positive,medium,health,institutional,negative,high
2024-10-16,578.606201171875,30725400,0.004346500392314434,1,negative,high,manufacturing,retail,positive,high
2024-10-17,578.6558227539062,34393700,8.576054306153047e-05,1,negative,high,manufacturing,retail,negative,high
2024-10-18,580.8816528320312,37416800,0.0038465526321536103,1,positive,high,health,institutional,neutral,high
2024-10-21,579.927734375,36439000,-0.0016421907154073878,0,positive,high,finance,institutional,positive,medium
2024-10-22,579.6196899414062,34183800,-0.0005311772749163612,0,neutral,medium,manufacturing,institutional,neutral,low
2024-10-23,574.323486328125,49314600,-0.009137376982166767,0,positive,low,finance,institutional,neutral,low
2024-10-24,575.5656127929688,34979900,0.0021627645297690457,1,neutral,medium,manufacturing,retail,neutral,medium
2024-10-25,575.3668823242188,47268200,-0.0003452785648289103,0,positive,low,health,retail,negative,medium
2024-10-28,577.1455078125,30174700,0.003091289302395106,1,neutral,high,health,institutional,neutral,medium
2024-10-29,578.07958984375,42899700,0.0016184515319028758,1,negative,medium,manufacturing,retail,neutral,medium
2024-10-30,576.3306884765625,41435800,-0.0030253643233800753,0,positive,high,health,institutional,neutral,high
2024-10-31,565.0328369140625,60182500,-0.019603071272092154,0,positive,medium,manufacturing,institutional,positive,low
2024-11-01,567.4176025390625,45667500,0.00422057882162119,1,positive,high,health,retail,positive,high
2024-11-04,566.1953735351562,38217000,-0.0021540202461768354,0,positive,low,finance,institutional,negative,low
2024-11-05,573.041748046875,39478300,0.012091894126530889,1,neutral,low,health,retail,negative,low
2024-11-06,587.2907104492188,68182000,0.024865487463887392,1,positive,low,finance,retail,positive,medium
2024-11-07,591.831787109375,47233200,0.007732246703992196,1,negative,medium,health,retail,negative,high
2024-11-08,594.3953857421875,46444900,0.0043316339011354454,1,negative,low,finance,retail,positive,medium
2024-11-11,594.9617919921875,37586800,0.0009529115864397308,1,positive,medium,health,institutional,neutral,high
2024-11-12,593.1135864257812,43006100,-0.0031064273223624372,0,negative,low,finance,retail,neutral,low
2024-11-13,593.4017333984375,47388600,0.00048582089375615034,1,positive,low,manufacturing,institutional,negative,medium
2024-11-14,589.5860595703125,38904100,-0.006430169669833119,0,positive,medium,manufacturing,institutional,positive,medium
2024-11-15,582.0343017578125,75988800,-0.012808575932076294,0,negative,medium,finance,institutional,positive,low
2024-11-18,584.4190673828125,37084100,0.00409729395294689,1,positive,low,health,institutional,negative,low
2024-11-19,586.555419921875,49412000,0.003655514780908309,1,negative,medium,finance,retail,positive,low
2024-11-20,586.7542114257812,50032600,0.0003389134208882094,1,neutral,low,health,retail,neutral,medium
2024-11-21,589.904052734375,46750300,0.0053682466137563445,1,positive,medium,manufacturing,institutional,negative,high
2024-11-22,591.7323608398438,38226400,0.003099331318362708,1,neutral,high,health,institutional,negative,medium
2024-11-25,593.7395629882812,42441400,0.0033920777048406237,1,negative,high,manufacturing,retail,positive,high
2024-11-26,596.8397827148438,45621300,0.005221514481802636,1,neutral,high,health,institutional,negative,medium
2024-11-27,595.0313110351562,34000200,-0.0030300789794227567,0,neutral,high,health,retail,positive,medium
2024-11-29,598.7276611328125,30177400,0.006212026206193766,1,negative,high,health,institutional,positive,low
2024-12-02,599.8008422851562,31746000,0.0017924362310457465,1,neutral,low,finance,retail,positive,high
2024-12-03,600.0791015625,26906600,0.00046391945080248576,1,neutral,high,finance,institutional,positive,medium
2024-12-04,603.8052368164062,42787600,0.006209406800210315,1,negative,high,manufacturing,institutional,positive,medium
2024-12-05,602.8116455078125,28762200,-0.0016455493394401666,0,neutral,high,manufacturing,retail,negative,low
2024-12-06,603.954345703125,31241500,0.0018956173189883518,1,negative,high,finance,institutional,neutral,low
2024-12-09,600.84423828125,34742700,-0.005149573711990096,0,neutral,medium,manufacturing,institutional,neutral,high
2024-12-10,598.9761352539062,37234500,-0.003109130300870566,0,negative,low,finance,retail,negative,medium
2024-12-11,603.6065673828125,28677700,0.007730578659771448,1,negative,high,health,institutional,negative,high
2024-12-12,600.4964599609375,31543800,-0.005152540727580535,0,neutral,high,manufacturing,retail,neutral,medium
2024-12-13,600.377197265625,35904700,-0.00019860682495986826,0,neutral,high,manufacturing,retail,neutral,high
2024-12-16,602.9407958984375,43695200,0.004269980013378527,1,neutral,low,finance,institutional,neutral,low
2024-12-17,600.4566650390625,55773500,-0.004120024513639686,0,positive,medium,manufacturing,institutional,neutral,medium
2024-12-18,582.5609741210938,108248700,-0.029803467860256894,0,positive,low,manufacturing,institutional,neutral,high
2024-12-19,582.382080078125,85919500,-0.00030708209254604046,0,positive,medium,health,institutional,positive,low
2024-12-20,589.3770751953125,125716700,0.012011006788273937,1,negative,high,manufacturing,institutional,negative,low
2024-12-23,592.9064331054688,57635800,0.005988285019376871,1,neutral,high,health,institutional,positive,high
2024-12-24,599.49658203125,33160100,0.011114989748490345,1,negative,low,finance,institutional,neutral,medium
2024-12-26,599.5364990234375,41219100,6.658418643890052e-05,1,positive,low,manufacturing,retail,neutral,medium
2024-12-27,593.2254638671875,64969300,-0.010526523683762057,0,neutral,medium,health,institutional,neutral,low
2024-12-30,586.455810546875,56578800,-0.011411602725516334,0,negative,medium,finance,retail,positive,medium
2024-12-31,584.322265625,57052700,-0.003638031857652546,0,neutral,low,manufacturing,institutional,positive,medium
2025-01-02,582.8865966796875,50204000,-0.002456981412092718,0,negative,medium,finance,institutional,neutral,medium
2025-01-03,590.1746215820312,37888500,0.012503332455847671,1,neutral,low,manufacturing,retail,positive,low
2025-01-06,593.5744018554688,47679400,0.005760634478527704,1,positive,medium,finance,institutional,positive,high
2025-01-07,586.8646240234375,60393100,-0.011304021553249277,0,positive,low,finance,institutional,neutral,medium
2025-01-08,587.7219848632812,47304700,0.001460917568971487,1,neutral,low,health,retail,positive,low
2025-01-10,578.7489624023438,73105000,-0.015267460962898771,0,negative,low,finance,institutional,negative,low
2025-01-13,579.6463012695312,47910100,0.0015504803040384818,1,positive,medium,manufacturing,institutional,negative,high
2025-01-14,580.4439086914062,48420600,0.00137602434472206,1,positive,medium,manufacturing,institutional,negative,medium
2025-01-15,591.002197265625,56900200,0.01819002390432889,1,positive,medium,health,retail,negative,medium
2025-01-16,589.8656005859375,43319700,-0.0019231682808391604,0,neutral,low,manufacturing,institutional,neutral,high
2025-01-17,595.7877807617188,58070600,0.010039880559060466,1,neutral,medium,manufacturing,institutional,neutral,high
2025-01-21,601.2413330078125,42532900,0.009153514761785386,1,negative,medium,manufacturing,institutional,neutral,low
2025-01-22,604.6211547851562,48196000,0.0056214062337258675,1,negative,low,finance,institutional,negative,low
2025-01-23,607.9212646484375,41152100,0.005458144884880722,1,negative,high,finance,retail,negative,high
2025-01-24,606.1465454101562,34604700,-0.002919324164959991,0,neutral,low,manufacturing,retail,positive,medium
2025-01-27,597.5723876953125,70361100,-0.01414535441927156,0,neutral,medium,health,institutional,positive,low
2025-01-28,602.7069702148438,44433300,0.008592402569559843,1,negative,low,finance,institutional,negative,low
2025-01-29,600.0050659179688,37177400,-0.004482948481435156,0,negative,high,health,retail,negative,medium
2025-01-30,603.225341796875,39281300,0.005367081149522335,1,neutral,low,manufacturing,retail,negative,low
2025-01-31,600.0150146484375,66671500,-0.0053219368053647464,0,negative,medium,manufacturing,institutional,negative,medium
2025-02-03,595.9771728515625,65857200,-0.006729567924630753,0,positive,high,finance,retail,positive,medium
2025-02-04,599.9751586914062,33457800,0.006708286863932544,1,neutral,medium,manufacturing,institutional,negative,medium
2025-02-05,602.4077758789062,30653100,0.004054529845545218,1,negative,high,finance,retail,positive,high
2025-02-06,604.5015258789062,35771500,0.0034756357468082033,1,neutral,high,manufacturing,retail,negative,high
2025-02-07,598.9682006835938,50788500,-0.009153533876142705,0,positive,low,manufacturing,retail,negative,high
2025-02-10,603.035888671875,26048700,0.006791158501634698,1,neutral,low,finance,retail,negative,medium
2025-02-11,603.4945678710938,30056700,0.0007606167523941387,1,neutral,medium,finance,institutional,positive,medium
2025-02-12,601.5504150390625,45076100,-0.0032214918501909384,0,neutral,low,finance,retail,positive,high
2025-02-13,607.9013061523438,40921300,0.010557537580401899,1,neutral,low,manufacturing,retail,neutral,low
2025-02-14,607.8713989257812,26910400,-4.919750337728512e-05,0,positive,high,manufacturing,institutional,negative,medium
2025-02-18,609.656005859375,26749000,0.002935829744165508,1,neutral,low,health,retail,neutral,low
2025-02-19,611.0916748046875,31011100,0.0023548836253795002,1,neutral,high,finance,retail,neutral,low
2025-02-20,608.5493774414062,36554000,-0.004160255274454183,0,negative,high,manufacturing,institutional,positive,medium
2025-02-21,598.1406860351562,76519800,-0.017104103285771943,0,neutral,high,manufacturing,retail,positive,medium
2025-02-24,595.4188842773438,50737200,-0.004550437416077302,0,negative,medium,finance,institutional,neutral,low
2025-02-25,592.457763671875,58266500,-0.004973172137566095,0,positive,medium,health,institutional,negative,low
2025-02-26,592.7568359375,43321600,0.0005047993020994568,1,positive,medium,finance,institutional,positive,high
2025-02-27,583.2952880859375,74196700,-0.015961937978493657,0,positive,high,health,institutional,negative,high
2025-02-28,592.39794921875,88744100,0.015605579744493614,1,positive,medium,manufacturing,retail,negative,medium
2025-03-03,582.0191650390625,74249200,-0.01751995291910613,0,negative,medium,health,institutional,neutral,high
2025-03-04,575.1298828125,109648200,-0.01183686490134761,0,neutral,low,manufacturing,retail,neutral,high
2025-03-05,581.311279296875,71230500,0.010747827002392407,1,positive,medium,finance,retail,neutral,high
2025-03-06,570.9923706054688,80094900,-0.017751089749862614,0,neutral,medium,finance,retail,neutral,high
2025-03-07,574.1926879882812,81158800,0.005604833877935977,1,negative,high,finance,retail,positive,low
2025-03-10,558.8987426757812,99326600,-0.02663556264724176,0,negative,high,health,retail,positive,medium
2025-03-11,554.252685546875,88102100,-0.008312878119322353,0,negative,high,manufacturing,retail,neutral,high
2025-03-12,557.19384765625,69588200,0.005306536505949477,1,positive,high,finance,retail,positive,low
2025-03-13,549.7661743164062,74079400,-0.013330501352603052,0,neutral,high,finance,retail,neutral,low
2025-03-14,561.1220092773438,62660300,0.020655754194149223,1,neutral,high,manufacturing,retail,negative,low
2025-03-17,565.4490356445312,49008700,0.007711382365414909,1,neutral,medium,finance,retail,negative,high
2025-03-18,559.33740234375,66041400,-0.010808460030027,0,negative,high,manufacturing,institutional,negative,high
2025-03-19,565.4290771484375,66556000,0.010890876918228543,1,positive,high,manufacturing,institutional,neutral,medium
2025-03-20,563.7940063476562,62958200,-0.0028917345549811513,0,negative,low,manufacturing,institutional,negative,high
2025-03-21,563.97998046875,83763000,0.00032986182719207946,1,negative,medium,manufacturing,retail,positive,high
2025-03-24,574.0800170898438,58766800,0.017908502022889516,1,neutral,medium,manufacturing,institutional,negative,low
2025-03-25,575.4600219726562,38355700,0.0024038545877420603,1,negative,medium,health,institutional,negative,medium
2025-03-26,568.5900268554688,51848300,-0.011938266525687413,0,neutral,high,finance,institutional,negative,high
2025-03-27,567.0800170898438,42164200,-0.0026557092004866334,0,positive,high,health,retail,positive,high
2025-03-28,555.6599731445312,71662700,-0.020138328985595644,0,neutral,high,finance,retail,neutral,low
2025-03-31,559.3900146484375,95328200,0.0067128130226792315,1,positive,low,health,retail,positive,low
2025-04-01,560.969970703125,54609600,0.0028244266313557365,1,neutral,high,manufacturing,retail,neutral,high
2025-04-02,564.52001953125,76014500,0.006328411525621025,1,negative,low,finance,institutional,neutral,medium
2025-04-03,536.7000122070312,125986000,-0.04928081620084812,0,negative,medium,finance,institutional,negative,medium
2025-04-04,505.2799987792969,217965100,-0.058542971330535654,0,positive,high,health,institutional,neutral,low
2025-04-07,504.3800048828125,256611400,-0.0017811785518102585,0,positive,low,health,institutional,positive,low
2025-04-08,496.4800109863281,165816600,-0.0156627816725603,0,positive,low,finance,retail,positive,high
2025-04-09,548.6199951171875,241867300,0.10501930183911301,1,neutral,high,health,retail,neutral,low
2025-04-10,524.5800170898438,162331200,-0.04381899719533322,0,neutral,medium,health,retail,negative,high
2025-04-11,533.9400024414062,97866300,0.017842817199724692,1,positive,medium,health,institutional,negative,medium
2025-04-14,539.1199951171875,68034000,0.009701450822369617,1,negative,medium,manufacturing,retail,positive,medium
2025-04-15,537.6099853515625,56892900,-0.0028008788011967267,0,neutral,low,manufacturing,retail,negative,high
2025-04-16,525.6599731445312,83484800,-0.02222803246337901,0,neutral,low,health,institutional,neutral,low
2025-04-17,526.4099731445312,79741000,0.001426777837987947,1,neutral,low,health,institutional,neutral,medium
2025-04-21,513.8800048828125,69368100,-0.023802680232045126,0,positive,low,manufacturing,retail,positive,low
2025-04-22,527.25,75948100,0.02601773758493775,1,positive,medium,manufacturing,retail,neutral,medium
2025-04-23,535.4199829101562,90590700,0.015495463082325855,1,positive,high,finance,retail,positive,high
2025-04-24,546.6900024414062,64150400,0.02104893334386637,1,positive,low,finance,retail,neutral,high
2025-04-25,550.6400146484375,61119600,0.00722532365580375,1,positive,low,manufacturing,retail,positive,high
2025-04-28,550.8499755859375,47613800,0.00038130345037501456,1,negative,medium,health,retail,negative,medium
2025-04-29,554.3200073242188,47775100,0.006299413437552026,1,negative,high,health,institutional,neutral,low
2025-04-30,554.5399780273438,93101500,0.000396829809890642,1,positive,high,health,institutional,neutral,low
2025-05-01,558.469970703125,63186100,0.007086942026725218,1,neutral,medium,health,institutional,positive,low
2025-05-02,566.760009765625,60717300,0.014844198430334021,1,positive,medium,finance,retail,positive,medium
2025-05-05,563.510009765625,38659200,-0.005734349537724115,0,negative,high,manufacturing,institutional,neutral,medium
2025-05-06,558.7999877929688,48264700,-0.008358364343191038,0,negative,low,health,retail,positive,medium
2025-05-07,561.1500244140625,55588000,0.0042055058561747405,1,neutral,high,finance,retail,neutral,medium
2025-05-08,565.0599975585938,65130800,0.0069677857514378605,1,negative,medium,health,institutional,negative,medium
2025-05-09,564.3400268554688,37603400,-0.0012741491279434358,0,positive,low,manufacturing,retail,positive,low
2025-05-12,582.989990234375,78993600,0.03304738719814848,1,neutral,low,finance,retail,neutral,medium
2025-05-13,586.8400268554688,67947200,0.006603949785734642,1,positive,medium,manufacturing,institutional,negative,medium
2025-05-14,587.5900268554688,66283500,0.0012780314322096142,1,positive,medium,manufacturing,institutional,negative,low
2025-05-15,590.4600219726562,71268100,0.004884349607746863,1,neutral,medium,finance,institutional,neutral,medium
2025-05-16,594.2000122070312,76052100,0.00633402786844095,1,positive,high,finance,retail,positive,low
2025-05-19,594.8499755859375,68168500,0.0010938461217664397,1,negative,high,finance,institutional,neutral,low
2025-05-20,592.8499755859375,60614500,-0.0033621922872737464,0,positive,low,finance,institutional,negative,high
2025-05-21,582.8599853515625,95197700,-0.016850789652983478,0,neutral,medium,finance,retail,neutral,high
2025-05-22,583.0900268554688,70860400,0.00039467712604679406,1,neutral,low,finance,institutional,positive,high
2025-05-23,579.1099853515625,76029000,-0.006825775301577575,0,neutral,low,finance,institutional,negative,high
2025-05-27,591.1500244140625,72588500,0.02079059136787431,1,positive,low,health,institutional,neutral,medium
2025-05-28,587.72998046875,68445500,-0.005785407771406903,0,neutral,low,manufacturing,retail,positive,high
2025-05-29,590.0499877929688,69973300,0.003947403401760141,1,neutral,medium,finance,retail,negative,low
2025-05-30,589.3900146484375,90601200,-0.0011185037847383228,0,positive,low,health,retail,positive,medium
2025-06-02,592.7100219726562,61630500,0.005632954820585345,1,negative,medium,health,retail,negative,high
2025-06-03,596.0900268554688,63606200,0.005702628195088044,1,positive,medium,health,institutional,neutral,low
2025-06-04,595.9299926757812,57314200,-0.0002684731709600152,0,neutral,high,manufacturing,retail,positive,medium
2025-06-05,593.0499877929688,92278700,-0.004832790626766448,0,neutral,medium,finance,retail,negative,medium
2025-06-06,599.1400146484375,66588700,0.010268994150278488,1,positive,high,health,institutional,positive,high
2025-06-09,599.6799926757812,53016400,0.0009012551559597348,1,negative,medium,manufacturing,institutional,positive,medium
2025-06-10,603.0800170898438,66247000,0.005669731282665458,1,neutral,medium,manufacturing,institutional,neutral,low
2025-06-11,601.3599853515625,73658200,-0.0028520788113346462,0,neutral,medium,manufacturing,retail,positive,medium
2025-06-12,603.75,64129000,0.003974349319302073,1,neutral,high,health,retail,negative,low
2025-06-13,597.0,89506000,-0.011180124223602483,0,positive,high,finance,retail,negative,medium
2025-06-16,602.6799926757812,79984100,0.00951422558757331,1,neutral,low,health,institutional,negative,high
2025-06-17,597.530029296875,82209400,-0.008545104270081039,0,negative,high,health,institutional,negative,low
2025-06-18,597.4400024414062,76496000,-0.00015066498929716676,0,neutral,high,finance,retail,neutral,medium
